{
  "database_index": 0,
  "hash": {
    "zigbee/1/": {
      "_model_id": "powertag_1521.device"
    },
    "zigbee/1/418": {
      "_out_rel": "{\"is_linked_to\":[{\"_id\":\"zigbee:419\"}]}"
    },
    "zigbee/1/42e": {
      "_variants": "{\"pan_id.value\":59004,\"source_id.value\":3792212830}"
    },
    "zigbee/1/64d": {
      "_variants": "{\"datetime\":\"2024-08-12T09:50:25.870+00:00\",\"value\":0.0}"
    },
    "zigbee/2/": {
      "_model_id": "cl110.device"
    },
    "zigbee/2/418": {
      "_out_rel": "{\"is_linked_to\":[{\"_id\":\"zigbee:419\"}]}"
    },
    "zigbee/2/42e": {
      "_variants": "{\"pan_id.value\":59004,\"source_id.value\":4287671328}"
    },
    "zigbee/3/": {
      "_model_id": "heat_tag_v2.device"
    },
    "zigbee/3/418": {
      "_out_rel": "{\"is_linked_to\":[{\"_id\":\"zigbee:419\"}]}",
      "_variants": "{\"status.value\":\"Connected\"}"
    },
    "zigbee/3/44a": {
      "_variants": "{\"extended_pan_id.value\":15937679064840625680,\"ieee_address.value\":14737727414853465424,\"ntwk_address.value\":42117,\"pan_id.value\":59004}"
    },
    "zigbee/4/": {
      "_model_id": "th110.device"
    },
    "zigbee/4/418": {
      "_out_rel": "{\"is_linked_to\":[{\"_id\":\"zigbee:419\"}]}",
      "_variants": "{\"status.value\":\"NotConnected\"}"
    },
    "zigbee/4/42e": {
      "_variants": "{\"pan_id.value\":59004,\"source_id.value\":4292964627}"
    },
    "zigbee/5/": {
      "_model_id": "th110.device"
    },
    "zigbee/5/418": {
      "_out_rel": "{\"is_linked_to\":[{\"_id\":\"zigbee:419\"}]}",
      "_variants": "{\"status.value\":\"NotConnected\"}"
    },
    "zigbee/5/42e": {
      "_variants": "{\"pan_id.value\":59004,\"source_id.value\":4292965249}"
    },
    "zigbee/root_device": {
      "_panel_server.zigbee.device_module": "true",
      "_panel_server.zigbee_antenna_selection_extension.device_module": "true"
    },
    "zigbee/root_device/419": {
      "_in_rel": "{\"is_linked_to\":[{\"_id\":\"zigbee:1_zd_418\"},{\"_id\":\"zigbee:2_zd_418\"},{\"_id\":\"zigbee:3_zd_418\"},{\"_id\":\"zigbee:4_zd_418\"},{\"_id\":\"zigbee:5_zd_418\"}]}",
      "_out_rel": "{\"has_settings\":[{\"_id\":\"zigbee:5db\"}]}"
    },
    "zigbee/root_device/42b": {
      "_variants": "{\"value\":\"Enabled\"}"
    },
    "zigbee/root_device/438": {
      "_variants": "{\"channel_mode.value\":\"Auto\",\"locate_status.value\":\"Idle\",\"ntwk_status.value\":\"Open\",\"optimization_status.value\":\"Idle\",\"processor_update_status.value\":\"Idle\",\"trans_power.value\":\"LowLevel\"}"
    },
    "zigbee/root_device/5db": {
      "_in_rel": "{\"has_settings\":[{\"_id\":\"zigbee:419\"}]}"
    }
  },
  "string": {
    "DATAMODEL_VERSION_NUMBER": "002079000",
    "DATAMODEL_VERSION_TYPE": "RELEASE",
    "_uniqueID_": "5"
  }
}
