{
  "database_index": 15,
  "hash": {
    "edge_application/4/7b": {
      "_out_rel": "{\"samples\":[{\"_id\":\"zigbee:1_zd_WHrAIn\"},{\"_id\":\"modbus:6_mb_VARA\"},{\"_id\":\"zigbee:3_zd_Temp\"},{\"_id\":\"modbus:5_mb_PFC\"},{\"_id\":\"modbus:6_mb_THDVLL\"},{\"_id\":\"modbus:5_mb_PFB\"},{\"_id\":\"modbus:6_mb_THDVLN\"},{\"_id\":\"modbus:6_mb_WTtl\"},{\"_id\":\"modbus:5_mb_PFA\"},{\"_id\":\"modbus:6_mb_DTPkkVARD;PkVARD\"},{\"_id\":\"modbus:6_mb_VAHrIn\"},{\"_id\":\"zigbee:1_zd_VAN\"},{\"_id\":\"modbus:5_mb_VBN\"},{\"_id\":\"zigbee:1_zd_WHrBOut\"},{\"_id\":\"modbus:5_mb_VBC\"},{\"_id\":\"modbus:5_mb_DTMaxIA;MaxIA\"},{\"_id\":\"modbus:4_mb_WHr_I_Pos_NonReset\"},{\"_id\":\"modbus:6_mb_IA\"},{\"_id\":\"modbus:4_mb_IAD\"},{\"_id\":\"modbus:5_mb_Hz\"},{\"_id\":\"modbus:6_mb_IC\"},{\"_id\":\"modbus:6_mb_IB\"},{\"_id\":\"modbus:6_mb_DTMaxIB;MaxIB\"},{\"_id\":\"zigbee:1_zd_IA\"},{\"_id\":\"modbus:5_mb_DTMaxIG;MaxIG\"},{\"_id\":\"modbus:5_mb_VAN\"},{\"_id\":\"modbus:5_mb_IG\"},{\"_id\":\"zigbee:1_zd_VBN\"},{\"_id\":\"zigbee:1_zd_IC\"},{\"_id\":\"zigbee:1_zd_IB\"},{\"_id\":\"modbus:5_mb_VAB\"},{\"_id\":\"modbus:4_mb_DTPkkVARD;PkVARD\"},{\"_id\":\"modbus:5_mb_IN\"},{\"_id\":\"zigbee:1_zd_WHrBIn\"},{\"_id\":\"modbus:4_mb_IBD\"},{\"_id\":\"modbus:4_mb_IAvg\"},{\"_id\":\"modbus:5_mb_IC\"},{\"_id\":\"modbus:5_mb_IB\"},{\"_id\":\"modbus:5_mb_IA\"},{\"_id\":\"modbus:6_mb_WHr_O\"},{\"_id\":\"zigbee:3_zd_THUM1_RelHum\"},{\"_id\":\"modbus:5_mb_VUnbalLLW\"},{\"_id\":\"modbus:6_mb_DTMaxIC;MaxIC\"},{\"_id\":\"modbus:6_mb_WHr_I\"},{\"_id\":\"modbus:5_mb_DTPkkWD;PkWD\"},{\"_id\":\"modbus:6_mb_WC\"},{\"_id\":\"modbus:6_mb_WB\"},{\"_id\":\"modbus:4_mb_ICD\"},{\"_id\":\"modbus:6_mb_WD\"},{\"_id\":\"modbus:6_mb_WA\"},{\"_id\":\"modbus:5_mb_DTMaxIB;MaxIB\"},{\"_id\":\"zigbee:3_zd_MENV1_AirQuality\"},{\"_id\":\"modbus:4_mb_VLNAvg\"},{\"_id\":\"modbus:6_mb_VARB\"},{\"_id\":\"modbus:6_mb_VARC\"},{\"_id\":\"modbus:6_mb_DTMaxIA;MaxIA\"},{\"_id\":\"modbus:4_mb_WHr_I\"},{\"_id\":\"zigbee:1_zd_WHrCIn\"},{\"_id\":\"modbus:5_mb_795\"},{\"_id\":\"modbus:4_mb_Hz\"},{\"_id\":\"zigbee:1_zd_WHrCIn_NonReset\"},{\"_id\":\"zigbee:1_zd_WHrAOut_NonReset\"},{\"_id\":\"zigbee:1_zd_WHrCOut_NonReset\"},{\"_id\":\"modbus:5_mb_VARHr\"},{\"_id\":\"modbus:6_mb_THDIA\"},{\"_id\":\"zigbee:1_zd_WHr_O_Pos_NonReset\"},{\"_id\":\"modbus:5_mb_VUnbalLNW\"},{\"_id\":\"modbus:5_mb_78a\"},{\"_id\":\"modbus:6_mb_THDIB\"},{\"_id\":\"modbus:5_mb_78b\"},{\"_id\":\"modbus:6_mb_THDIC\"},{\"_id\":\"modbus:5_mb_799\"},{\"_id\":\"modbus:4_mb_WHrCIn\"},{\"_id\":\"modbus:5_mb_796\"},{\"_id\":\"modbus:5_mb_VARTtl\"},{\"_id\":\"modbus:4_mb_DTPkIBD;PkIBD\"},{\"_id\":\"zigbee:1_zd_WTtl\"},{\"_id\":\"modbus:6_mb_WHrDel+Rec\"},{\"_id\":\"modbus:5_mb_DTMaxIC;MaxIC\"},{\"_id\":\"modbus:6_mb_VLNAvg\"},{\"_id\":\"modbus:5_mb_VARC\"},{\"_id\":\"modbus:6_mb_VAHrDel+Rec\"},{\"_id\":\"modbus:5_mb_DTPkICD;PkICD\"},{\"_id\":\"modbus:5_mb_WTtl\"},{\"_id\":\"modbus:5_mb_VARB\"},{\"_id\":\"modbus:5_mb_VARA\"},{\"_id\":\"modbus:6_mb_Hz\"},{\"_id\":\"modbus:5_mb_VLNAvg\"},{\"_id\":\"modbus:6_mb_IN\"},{\"_id\":\"zigbee:1_zd_VCN\"},{\"_id\":\"modbus:6_mb_DTMaxIN;MaxIN\"},{\"_id\":\"modbus:6_mb_VARHrDel+Rec\"},{\"_id\":\"modbus:6_mb_IG\"},{\"_id\":\"zigbee:4_zd_Temp\"},{\"_id\":\"modbus:6_mb_VA_Ttl\"},{\"_id\":\"zigbee:1_zd_WHrAIn_NonReset\"},{\"_id\":\"zigbee:1_zd_WC\"},{\"_id\":\"modbus:4_mb_VARTtl\"},{\"_id\":\"zigbee:1_zd_WB\"},{\"_id\":\"zigbee:1_zd_WA\"},{\"_id\":\"modbus:4_mb_PFTtl\"},{\"_id\":\"zigbee:1_zd_WHrAOut\"},{\"_id\":\"modbus:5_mb_VCN\"},{\"_id\":\"modbus:5_mb_VCA\"},{\"_id\":\"modbus:6_mb_PFC\"},{\"_id\":\"zigbee:2_zd_THUM1_RelHum\"},{\"_id\":\"modbus:4_mb_VAN\"},{\"_id\":\"modbus:6_mb_PFA\"},{\"_id\":\"modbus:6_mb_PFB\"},{\"_id\":\"modbus:6_mb_VLLAvg\"},{\"_id\":\"zigbee:1_zd_WHr_O\"},{\"_id\":\"modbus:6_mb_VBN\"},{\"_id\":\"modbus:4_mb_VBN\"},{\"_id\":\"zigbee:1_zd_WHr_I_Pos_NonReset\"},{\"_id\":\"modbus:5_mb_DTPkIAD;PkIAD\"},{\"_id\":\"modbus:4_mb_WHrAIn\"},{\"_id\":\"modbus:4_mb_VBC\"},{\"_id\":\"modbus:5_mb_IAvg\"},{\"_id\":\"modbus:6_mb_VBC\"},{\"_id\":\"zigbee:1_zd_WHr_I\"},{\"_id\":\"modbus:6_mb_THDVCA\"},{\"_id\":\"modbus:4_mb_WD\"},{\"_id\":\"modbus:6_mb_VCA\"},{\"_id\":\"modbus:5_mb_DTPkkVARD;PkVARD\"},{\"_id\":\"modbus:5_mb_VA_A\"},{\"_id\":\"modbus:5_mb_VA_C\"},{\"_id\":\"modbus:5_mb_VA_B\"},{\"_id\":\"modbus:6_mb_VCN\"},{\"_id\":\"zigbee:1_zd_WHrDel+Rec_NonReset\"},{\"_id\":\"modbus:4_mb_VCN\"},{\"_id\":\"modbus:4_mb_VCA\"},{\"_id\":\"modbus:4_mb_VLLAvg\"},{\"_id\":\"modbus:6_mb_DTPkkWD;PkWD\"},{\"_id\":\"modbus:4_mb_WA\"},{\"_id\":\"modbus:4_mb_WB\"},{\"_id\":\"modbus:6_mb_THDVCN\"},{\"_id\":\"modbus:4_mb_WC\"},{\"_id\":\"modbus:5_mb_VA_Ttl\"},{\"_id\":\"modbus:6_mb_THDVBC\"},{\"_id\":\"modbus:4_mb_VARHr_I_Pos_NonReset\"},{\"_id\":\"modbus:4_mb_VARHr_O_Pos_NonReset\"},{\"_id\":\"zigbee:2_zd_Temp\"},{\"_id\":\"modbus:4_mb_WHrBIn\"},{\"_id\":\"modbus:6_mb_THDVBN\"},{\"_id\":\"modbus:6_mb_VARHr_O\"},{\"_id\":\"modbus:6_mb_THDVAB\"},{\"_id\":\"modbus:6_mb_VARHr_I\"},{\"_id\":\"modbus:5_mb_VLLAvg\"},{\"_id\":\"modbus:5_mb_DTMaxIN;MaxIN\"},{\"_id\":\"modbus:4_mb_IA\"},{\"_id\":\"modbus:4_mb_IB\"},{\"_id\":\"modbus:4_mb_IC\"},{\"_id\":\"modbus:5_mb_IND\"},{\"_id\":\"modbus:5_mb_79a\"},{\"_id\":\"modbus:6_mb_THDVAN\"},{\"_id\":\"modbus:6_mb_VAN\"},{\"_id\":\"modbus:5_mb_WHr\"},{\"_id\":\"modbus:6_mb_VAB\"},{\"_id\":\"modbus:5_mb_PFTtl\"},{\"_id\":\"modbus:4_mb_VARHr_I\"},{\"_id\":\"modbus:5_mb_WD\"},{\"_id\":\"modbus:5_mb_WC\"},{\"_id\":\"zigbee:1_zd_WHrBOut_NonReset\"},{\"_id\":\"modbus:5_mb_7b0\"},{\"_id\":\"modbus:4_mb_DTPkIAD;PkIAD\"},{\"_id\":\"modbus:4_mb_WTtl\"},{\"_id\":\"modbus:5_mb_68\"},{\"_id\":\"modbus:5_mb_67\"},{\"_id\":\"zigbee:1_zd_VA_Ttl\"},{\"_id\":\"modbus:4_mb_DTPkkWD;PkWD\"},{\"_id\":\"modbus:5_mb_WB\"},{\"_id\":\"modbus:5_mb_WA\"},{\"_id\":\"zigbee:5_zd_Temp\"},{\"_id\":\"modbus:6_mb_PFTtl\"},{\"_id\":\"modbus:4_mb_VA_Ttl\"},{\"_id\":\"modbus:5_mb_ICD\"},{\"_id\":\"modbus:4_mb_WHr_O_Pos_NonReset\"},{\"_id\":\"zigbee:1_zd_WHrCOut\"},{\"_id\":\"modbus:6_mb_VARTtl\"},{\"_id\":\"modbus:5_mb_59\"},{\"_id\":\"modbus:5_mb_3f\"},{\"_id\":\"modbus:5_mb_VAHr\"},{\"_id\":\"modbus:5_mb_IG_VIGI\"},{\"_id\":\"modbus:4_mb_DTPkICD;PkICD\"},{\"_id\":\"modbus:5_mb_IBD\"},{\"_id\":\"modbus:6_mb_VAHrOut\"},{\"_id\":\"modbus:6_mb_IAvg\"},{\"_id\":\"modbus:5_mb_40\"},{\"_id\":\"modbus:5_mb_IAD\"},{\"_id\":\"modbus:6_mb_VARHrDel-Rec\"},{\"_id\":\"modbus:6_mb_VA_C\"},{\"_id\":\"modbus:6_mb_VA_A\"},{\"_id\":\"modbus:6_mb_WHrDel-Rec\"},{\"_id\":\"modbus:6_mb_VA_B\"},{\"_id\":\"modbus:5_mb_33\"},{\"_id\":\"modbus:5_mb_32\"},{\"_id\":\"modbus:5_mb_31\"},{\"_id\":\"modbus:5_mb_30\"},{\"_id\":\"zigbee:1_zd_WHrDel+Rec\"},{\"_id\":\"zigbee:1_zd_PFTtl\"},{\"_id\":\"modbus:5_mb_DTPkIBD;PkIBD\"},{\"_id\":\"modbus:6_mb_DTMaxIG;MaxIG\"},{\"_id\":\"modbus:6_mb_VAHrDel-Rec\"},{\"_id\":\"zigbee:1_zd_WHrBIn_NonReset\"},{\"_id\":\"modbus:4_mb_VAB\"}]}"
    },
    "edge_application/root_device/452": {
      "_in_rel": "{\"has_function\":[{\"_id\":\"bridge_component\"}]}"
    },
    "edge_application/root_device/5c3": {
      "_in_rel": "{\"has_function\":[{\"_id\":\"bridge_component\"}]}"
    },
    "edge_application/root_device/622": {
      "_out_rel": "{\"manages\":[{\"_id\":\"zigbee:3_zd_23\"},{\"_id\":\"zigbee:1_zd_25\"},{\"_id\":\"zigbee:4_zd_849\"},{\"_id\":\"modbus:6_mb_849\"},{\"_id\":\"modbus:4_mb_849\"},{\"_id\":\"zigbee:3_zd_566\"},{\"_id\":\"zigbee:5_zd_849\"},{\"_id\":\"zigbee:3_zd_21\"},{\"_id\":\"zigbee:3_zd_22\"},{\"_id\":\"zigbee:3_zd_849\"},{\"_id\":\"zigbee:2_zd_561\"},{\"_id\":\"zigbee:1_zd_5a8\"},{\"_id\":\"zigbee:2_zd_849\"},{\"_id\":\"zigbee:3_zd_565\"},{\"_id\":\"modbus:5_mb_849\"},{\"_id\":\"zigbee:1_zd_849\"},{\"_id\":\"modbus:5_mb_488\"},{\"_id\":\"modbus:5_mb_5df\"},{\"_id\":\"modbus:5_mb_7b7\"},{\"_id\":\"modbus:5_mb_5dc\"},{\"_id\":\"modbus:5_mb_1d\"},{\"_id\":\"modbus:5_mb_84b\"},{\"_id\":\"modbus:5_mb_15\"},{\"_id\":\"modbus:5_mb_481\"},{\"_id\":\"modbus:5_mb_484\"}]}"
    },
    "historization/root_device/452": {
      "_in_rel": "{\"has_function\":[{\"_id\":\"bridge_component\"}]}"
    },
    "internal/EXTERNAL_GRAPH_IDS": {
      "modbus:5_mb_15": "modbus/5/15",
      "modbus:5_mb_1d": "modbus/5/1d",
      "modbus:5_mb_30": "modbus/5/30",
      "modbus:5_mb_31": "modbus/5/31",
      "modbus:5_mb_32": "modbus/5/32",
      "modbus:5_mb_33": "modbus/5/33",
      "modbus:5_mb_3f": "modbus/5/3f",
      "modbus:5_mb_40": "modbus/5/40",
      "modbus:5_mb_481": "modbus/5/481",
      "modbus:5_mb_484": "modbus/5/484",
      "modbus:5_mb_488": "modbus/5/488",
      "modbus:5_mb_59": "modbus/5/59",
      "modbus:5_mb_5dc": "modbus/5/5dc",
      "modbus:5_mb_5df": "modbus/5/5df",
      "modbus:5_mb_67": "modbus/5/67",
      "modbus:5_mb_68": "modbus/5/68",
      "modbus:5_mb_78a": "modbus/5/78a",
      "modbus:5_mb_78b": "modbus/5/78b",
      "modbus:5_mb_795": "modbus/5/795",
      "modbus:5_mb_796": "modbus/5/796",
      "modbus:5_mb_799": "modbus/5/799",
      "modbus:5_mb_79a": "modbus/5/79a",
      "modbus:5_mb_7b0": "modbus/5/7b0",
      "modbus:5_mb_7b7": "modbus/5/7b7",
      "modbus:5_mb_84b": "modbus/5/84b",
      "modbus:5_mb_DTMaxIA;MaxIA": "modbus/5/16c",
      "modbus:5_mb_DTMaxIB;MaxIB": "modbus/5/16d",
      "modbus:5_mb_DTMaxIC;MaxIC": "modbus/5/16e",
      "modbus:5_mb_DTMaxIG;MaxIG": "modbus/5/16a",
      "modbus:5_mb_DTMaxIN;MaxIN": "modbus/5/16b",
      "modbus:5_mb_DTPkIAD;PkIAD": "modbus/5/10e",
      "modbus:5_mb_DTPkIBD;PkIBD": "modbus/5/10f",
      "modbus:5_mb_DTPkICD;PkICD": "modbus/5/110",
      "modbus:5_mb_DTPkkVARD;PkVARD": "modbus/5/1e7",
      "modbus:5_mb_DTPkkWD;PkWD": "modbus/5/1e5",
      "modbus:5_mb_Hz": "modbus/5/161",
      "modbus:5_mb_IA": "modbus/5/15e",
      "modbus:5_mb_IAD": "modbus/5/104",
      "modbus:5_mb_IAvg": "modbus/5/ba",
      "modbus:5_mb_IB": "modbus/5/15f",
      "modbus:5_mb_IBD": "modbus/5/105",
      "modbus:5_mb_IC": "modbus/5/160",
      "modbus:5_mb_ICD": "modbus/5/106",
      "modbus:5_mb_IG": "modbus/5/15c",
      "modbus:5_mb_IG_VIGI": "modbus/5/15b",
      "modbus:5_mb_IN": "modbus/5/15d",
      "modbus:5_mb_IND": "modbus/5/103",
      "modbus:5_mb_PFA": "modbus/5/1a0",
      "modbus:5_mb_PFB": "modbus/5/1a1",
      "modbus:5_mb_PFC": "modbus/5/1a2",
      "modbus:5_mb_PFTtl": "modbus/5/1fb",
      "modbus:5_mb_VAB": "modbus/5/1c7",
      "modbus:5_mb_VAHr": "modbus/5/6e7",
      "modbus:5_mb_VAN": "modbus/5/1c8",
      "modbus:5_mb_VARA": "modbus/5/1a6",
      "modbus:5_mb_VARB": "modbus/5/1a7",
      "modbus:5_mb_VARC": "modbus/5/1a8",
      "modbus:5_mb_VARHr": "modbus/5/6f9",
      "modbus:5_mb_VARTtl": "modbus/5/1fd",
      "modbus:5_mb_VA_A": "modbus/5/158",
      "modbus:5_mb_VA_B": "modbus/5/159",
      "modbus:5_mb_VA_C": "modbus/5/15a",
      "modbus:5_mb_VA_Ttl": "modbus/5/1f0",
      "modbus:5_mb_VBC": "modbus/5/1c9",
      "modbus:5_mb_VBN": "modbus/5/1ca",
      "modbus:5_mb_VCA": "modbus/5/1cb",
      "modbus:5_mb_VCN": "modbus/5/1cc",
      "modbus:5_mb_VLLAvg": "modbus/5/c5",
      "modbus:5_mb_VLNAvg": "modbus/5/c4",
      "modbus:5_mb_VUnbalLLW": "modbus/5/705",
      "modbus:5_mb_VUnbalLNW": "modbus/5/704",
      "modbus:5_mb_WA": "modbus/5/155",
      "modbus:5_mb_WB": "modbus/5/156",
      "modbus:5_mb_WC": "modbus/5/157",
      "modbus:5_mb_WD": "modbus/5/1e3",
      "modbus:5_mb_WHr": "modbus/5/6e4",
      "modbus:5_mb_WTtl": "modbus/5/1ef"
    },
    "io_block/root_device/29c": {
      "_in_rel": "{\"has_function\":[{\"_id\":\"bridge_component\"}]}"
    },
    "local_device/root_device/81": {
      "_out_rel": "{\"has_child\":[{\"_id\":\"modbus:4_mb_81\"},{\"_id\":\"modbus:5_mb_81\"},{\"_id\":\"modbus:6_mb_81\"},{\"_id\":\"zigbee:1_zd_81\"},{\"_id\":\"topo:1_ed_81\"},{\"_id\":\"zigbee:2_zd_81\"},{\"_id\":\"topo:2_ed_81\"},{\"_id\":\"zigbee:3_zd_81\"},{\"_id\":\"topo:3_ed_81\"},{\"_id\":\"zigbee:4_zd_81\"},{\"_id\":\"topo:4_ed_81\"},{\"_id\":\"zigbee:5_zd_81\"},{\"_id\":\"topo:5_ed_81\"}],\"has_function\":[{\"_id\":\"io_block:29c\"},{\"_id\":\"edge_application:452\"},{\"_id\":\"edge_application:5c3\"},{\"_id\":\"modbus:83c\"},{\"_id\":\"modbus:32a\"},{\"_id\":\"modbus:31f\"},{\"_id\":\"modbus:33e\"},{\"_id\":\"modbus:761\"},{\"_id\":\"zigbee:419\"},{\"_id\":\"zigbee:2fd\"},{\"_id\":\"historization:452\"},{\"_id\":\"topo:5cb\"}]}"
    },
    "local_modbus/1/46c": {
      "_out_rel": "{\"virtualize\":[{\"_id\":\"zigbee:1_zd_81\"}]}"
    },
    "local_modbus/2/46c": {
      "_out_rel": "{\"virtualize\":[{\"_id\":\"zigbee:2_zd_81\"}]}"
    },
    "local_modbus/3/46c": {
      "_out_rel": "{\"virtualize\":[{\"_id\":\"zigbee:3_zd_81\"}]}"
    },
    "local_modbus/4/46c": {
      "_out_rel": "{\"virtualize\":[{\"_id\":\"zigbee:4_zd_81\"}]}"
    },
    "local_modbus/5/46c": {
      "_out_rel": "{\"virtualize\":[{\"_id\":\"zigbee:5_zd_81\"}]}"
    },
    "modbus/4/104": {
      "_in_rel": "{\"samples\":[{\"_id\":\"edge_application:4_ea_7b\"}]}"
    },
    "modbus/4/105": {
      "_in_rel": "{\"samples\":[{\"_id\":\"edge_application:4_ea_7b\"}]}"
    },
    "modbus/4/106": {
      "_in_rel": "{\"samples\":[{\"_id\":\"edge_application:4_ea_7b\"}]}"
    },
    "modbus/4/10e": {
      "_in_rel": "{\"samples\":[{\"_id\":\"edge_application:4_ea_7b\"}]}"
    },
    "modbus/4/10f": {
      "_in_rel": "{\"samples\":[{\"_id\":\"edge_application:4_ea_7b\"}]}"
    },
    "modbus/4/110": {
      "_in_rel": "{\"samples\":[{\"_id\":\"edge_application:4_ea_7b\"}]}"
    },
    "modbus/4/155": {
      "_in_rel": "{\"samples\":[{\"_id\":\"edge_application:4_ea_7b\"}]}"
    },
    "modbus/4/156": {
      "_in_rel": "{\"samples\":[{\"_id\":\"edge_application:4_ea_7b\"}]}"
    },
    "modbus/4/157": {
      "_in_rel": "{\"samples\":[{\"_id\":\"edge_application:4_ea_7b\"}]}"
    },
    "modbus/4/15e": {
      "_in_rel": "{\"samples\":[{\"_id\":\"edge_application:4_ea_7b\"}]}"
    },
    "modbus/4/15f": {
      "_in_rel": "{\"samples\":[{\"_id\":\"edge_application:4_ea_7b\"}]}"
    },
    "modbus/4/160": {
      "_in_rel": "{\"samples\":[{\"_id\":\"edge_application:4_ea_7b\"}]}"
    },
    "modbus/4/161": {
      "_in_rel": "{\"samples\":[{\"_id\":\"edge_application:4_ea_7b\"}]}"
    },
    "modbus/4/1c7": {
      "_in_rel": "{\"samples\":[{\"_id\":\"edge_application:4_ea_7b\"}]}"
    },
    "modbus/4/1c8": {
      "_in_rel": "{\"samples\":[{\"_id\":\"edge_application:4_ea_7b\"}]}"
    },
    "modbus/4/1c9": {
      "_in_rel": "{\"samples\":[{\"_id\":\"edge_application:4_ea_7b\"}]}"
    },
    "modbus/4/1ca": {
      "_in_rel": "{\"samples\":[{\"_id\":\"edge_application:4_ea_7b\"}]}"
    },
    "modbus/4/1cb": {
      "_in_rel": "{\"samples\":[{\"_id\":\"edge_application:4_ea_7b\"}]}"
    },
    "modbus/4/1cc": {
      "_in_rel": "{\"samples\":[{\"_id\":\"edge_application:4_ea_7b\"}]}"
    },
    "modbus/4/1dd": {
      "_in_rel": "{\"samples\":[{\"_id\":\"edge_application:4_ea_7b\"}]}"
    },
    "modbus/4/1de": {
      "_in_rel": "{\"samples\":[{\"_id\":\"edge_application:4_ea_7b\"}]}"
    },
    "modbus/4/1e1": {
      "_in_rel": "{\"samples\":[{\"_id\":\"edge_application:4_ea_7b\"}]}"
    },
    "modbus/4/1e2": {
      "_in_rel": "{\"samples\":[{\"_id\":\"edge_application:4_ea_7b\"}]}"
    },
    "modbus/4/1e3": {
      "_in_rel": "{\"samples\":[{\"_id\":\"edge_application:4_ea_7b\"}]}"
    },
    "modbus/4/1e5": {
      "_in_rel": "{\"samples\":[{\"_id\":\"edge_application:4_ea_7b\"}]}"
    },
    "modbus/4/1e7": {
      "_in_rel": "{\"samples\":[{\"_id\":\"edge_application:4_ea_7b\"}]}"
    },
    "modbus/4/1ea": {
      "_in_rel": "{\"samples\":[{\"_id\":\"edge_application:4_ea_7b\"}]}"
    },
    "modbus/4/1ee": {
      "_in_rel": "{\"samples\":[{\"_id\":\"edge_application:4_ea_7b\"}]}"
    },
    "modbus/4/1ef": {
      "_in_rel": "{\"samples\":[{\"_id\":\"edge_application:4_ea_7b\"}]}"
    },
    "modbus/4/1f0": {
      "_in_rel": "{\"samples\":[{\"_id\":\"edge_application:4_ea_7b\"}]}"
    },
    "modbus/4/1fb": {
      "_in_rel": "{\"samples\":[{\"_id\":\"edge_application:4_ea_7b\"}]}"
    },
    "modbus/4/1fd": {
      "_in_rel": "{\"samples\":[{\"_id\":\"edge_application:4_ea_7b\"}]}"
    },
    "modbus/4/311": {
      "_in_rel": "{\"has_connection\":[{\"_id\":\"topo:6f\"}]}"
    },
    "modbus/4/37e": {
      "_in_rel": "{\"has_device\":[{\"_id\":\"topo:381\"}]}"
    },
    "modbus/4/81": {
      "_in_rel": "{\"has_child\":[{\"_id\":\"bridge_component\"}]}"
    },
    "modbus/4/849": {
      "_in_rel": "{\"manages\":[{\"_id\":\"edge_application:622\"}]}"
    },
    "modbus/4/ba": {
      "_in_rel": "{\"samples\":[{\"_id\":\"edge_application:4_ea_7b\"}]}"
    },
    "modbus/4/c4": {
      "_in_rel": "{\"samples\":[{\"_id\":\"edge_application:4_ea_7b\"}]}"
    },
    "modbus/4/c5": {
      "_in_rel": "{\"samples\":[{\"_id\":\"edge_application:4_ea_7b\"}]}"
    },
    "modbus/4/ea": {
      "_in_rel": "{\"samples\":[{\"_id\":\"edge_application:4_ea_7b\"}]}"
    },
    "modbus/4/ec": {
      "_in_rel": "{\"samples\":[{\"_id\":\"edge_application:4_ea_7b\"}]}"
    },
    "modbus/4/ee": {
      "_in_rel": "{\"samples\":[{\"_id\":\"edge_application:4_ea_7b\"}]}"
    },
    "modbus/5/103": {
      "_in_rel": "{\"samples\":[{\"_id\":\"edge_application:4_ea_7b\"}]}"
    },
    "modbus/5/104": {
      "_in_rel": "{\"samples\":[{\"_id\":\"edge_application:4_ea_7b\"}]}"
    },
    "modbus/5/105": {
      "_in_rel": "{\"samples\":[{\"_id\":\"edge_application:4_ea_7b\"}]}"
    },
    "modbus/5/106": {
      "_in_rel": "{\"samples\":[{\"_id\":\"edge_application:4_ea_7b\"}]}"
    },
    "modbus/5/10e": {
      "_in_rel": "{\"samples\":[{\"_id\":\"edge_application:4_ea_7b\"}]}"
    },
    "modbus/5/10f": {
      "_in_rel": "{\"samples\":[{\"_id\":\"edge_application:4_ea_7b\"}]}"
    },
    "modbus/5/110": {
      "_in_rel": "{\"samples\":[{\"_id\":\"edge_application:4_ea_7b\"}]}"
    },
    "modbus/5/15": {
      "_in_rel": "{\"manages\":[{\"_id\":\"edge_application:622\"}]}"
    },
    "modbus/5/155": {
      "_in_rel": "{\"samples\":[{\"_id\":\"edge_application:4_ea_7b\"}]}"
    },
    "modbus/5/156": {
      "_in_rel": "{\"samples\":[{\"_id\":\"edge_application:4_ea_7b\"}]}"
    },
    "modbus/5/157": {
      "_in_rel": "{\"samples\":[{\"_id\":\"edge_application:4_ea_7b\"}]}"
    },
    "modbus/5/158": {
      "_in_rel": "{\"samples\":[{\"_id\":\"edge_application:4_ea_7b\"}]}"
    },
    "modbus/5/159": {
      "_in_rel": "{\"samples\":[{\"_id\":\"edge_application:4_ea_7b\"}]}"
    },
    "modbus/5/15a": {
      "_in_rel": "{\"samples\":[{\"_id\":\"edge_application:4_ea_7b\"}]}"
    },
    "modbus/5/15b": {
      "_in_rel": "{\"samples\":[{\"_id\":\"edge_application:4_ea_7b\"}]}"
    },
    "modbus/5/15c": {
      "_in_rel": "{\"samples\":[{\"_id\":\"edge_application:4_ea_7b\"}]}"
    },
    "modbus/5/15d": {
      "_in_rel": "{\"samples\":[{\"_id\":\"edge_application:4_ea_7b\"}]}"
    },
    "modbus/5/15e": {
      "_in_rel": "{\"samples\":[{\"_id\":\"edge_application:4_ea_7b\"}]}"
    },
    "modbus/5/15f": {
      "_in_rel": "{\"samples\":[{\"_id\":\"edge_application:4_ea_7b\"}]}"
    },
    "modbus/5/160": {
      "_in_rel": "{\"samples\":[{\"_id\":\"edge_application:4_ea_7b\"}]}"
    },
    "modbus/5/161": {
      "_in_rel": "{\"samples\":[{\"_id\":\"edge_application:4_ea_7b\"}]}"
    },
    "modbus/5/16a": {
      "_in_rel": "{\"samples\":[{\"_id\":\"edge_application:4_ea_7b\"}]}"
    },
    "modbus/5/16b": {
      "_in_rel": "{\"samples\":[{\"_id\":\"edge_application:4_ea_7b\"}]}"
    },
    "modbus/5/16c": {
      "_in_rel": "{\"samples\":[{\"_id\":\"edge_application:4_ea_7b\"}]}"
    },
    "modbus/5/16d": {
      "_in_rel": "{\"samples\":[{\"_id\":\"edge_application:4_ea_7b\"}]}"
    },
    "modbus/5/16e": {
      "_in_rel": "{\"samples\":[{\"_id\":\"edge_application:4_ea_7b\"}]}"
    },
    "modbus/5/1a0": {
      "_in_rel": "{\"samples\":[{\"_id\":\"edge_application:4_ea_7b\"}]}"
    },
    "modbus/5/1a1": {
      "_in_rel": "{\"samples\":[{\"_id\":\"edge_application:4_ea_7b\"}]}"
    },
    "modbus/5/1a2": {
      "_in_rel": "{\"samples\":[{\"_id\":\"edge_application:4_ea_7b\"}]}"
    },
    "modbus/5/1a6": {
      "_in_rel": "{\"samples\":[{\"_id\":\"edge_application:4_ea_7b\"}]}"
    },
    "modbus/5/1a7": {
      "_in_rel": "{\"samples\":[{\"_id\":\"edge_application:4_ea_7b\"}]}"
    },
    "modbus/5/1a8": {
      "_in_rel": "{\"samples\":[{\"_id\":\"edge_application:4_ea_7b\"}]}"
    },
    "modbus/5/1c7": {
      "_in_rel": "{\"samples\":[{\"_id\":\"edge_application:4_ea_7b\"}]}"
    },
    "modbus/5/1c8": {
      "_in_rel": "{\"samples\":[{\"_id\":\"edge_application:4_ea_7b\"}]}"
    },
    "modbus/5/1c9": {
      "_in_rel": "{\"samples\":[{\"_id\":\"edge_application:4_ea_7b\"}]}"
    },
    "modbus/5/1ca": {
      "_in_rel": "{\"samples\":[{\"_id\":\"edge_application:4_ea_7b\"}]}"
    },
    "modbus/5/1cb": {
      "_in_rel": "{\"samples\":[{\"_id\":\"edge_application:4_ea_7b\"}]}"
    },
    "modbus/5/1cc": {
      "_in_rel": "{\"samples\":[{\"_id\":\"edge_application:4_ea_7b\"}]}"
    },
    "modbus/5/1d": {
      "_in_rel": "{\"manages\":[{\"_id\":\"edge_application:622\"}]}"
    },
    "modbus/5/1e3": {
      "_in_rel": "{\"samples\":[{\"_id\":\"edge_application:4_ea_7b\"}]}"
    },
    "modbus/5/1e5": {
      "_in_rel": "{\"samples\":[{\"_id\":\"edge_application:4_ea_7b\"}]}"
    },
    "modbus/5/1e7": {
      "_in_rel": "{\"samples\":[{\"_id\":\"edge_application:4_ea_7b\"}]}"
    },
    "modbus/5/1ef": {
      "_in_rel": "{\"samples\":[{\"_id\":\"edge_application:4_ea_7b\"}]}"
    },
    "modbus/5/1f0": {
      "_in_rel": "{\"samples\":[{\"_id\":\"edge_application:4_ea_7b\"}]}"
    },
    "modbus/5/1fb": {
      "_in_rel": "{\"samples\":[{\"_id\":\"edge_application:4_ea_7b\"}]}"
    },
    "modbus/5/1fd": {
      "_in_rel": "{\"samples\":[{\"_id\":\"edge_application:4_ea_7b\"}]}"
    },
    "modbus/5/30": {
      "_in_rel": "{\"samples\":[{\"_id\":\"edge_application:4_ea_7b\"}]}"
    },
    "modbus/5/31": {
      "_in_rel": "{\"samples\":[{\"_id\":\"edge_application:4_ea_7b\"}]}"
    },
    "modbus/5/311": {
      "_in_rel": "{\"has_connection\":[{\"_id\":\"topo:6f\"}]}"
    },
    "modbus/5/32": {
      "_in_rel": "{\"samples\":[{\"_id\":\"edge_application:4_ea_7b\"}]}"
    },
    "modbus/5/33": {
      "_in_rel": "{\"samples\":[{\"_id\":\"edge_application:4_ea_7b\"}]}"
    },
    "modbus/5/37e": {
      "_in_rel": "{\"has_device\":[{\"_id\":\"topo:381\"}]}"
    },
    "modbus/5/3f": {
      "_in_rel": "{\"samples\":[{\"_id\":\"edge_application:4_ea_7b\"}]}"
    },
    "modbus/5/40": {
      "_in_rel": "{\"samples\":[{\"_id\":\"edge_application:4_ea_7b\"}]}"
    },
    "modbus/5/481": {
      "_in_rel": "{\"manages\":[{\"_id\":\"edge_application:622\"}]}"
    },
    "modbus/5/484": {
      "_in_rel": "{\"manages\":[{\"_id\":\"edge_application:622\"}]}"
    },
    "modbus/5/488": {
      "_in_rel": "{\"manages\":[{\"_id\":\"edge_application:622\"}]}"
    },
    "modbus/5/59": {
      "_in_rel": "{\"samples\":[{\"_id\":\"edge_application:4_ea_7b\"}]}"
    },
    "modbus/5/5dc": {
      "_in_rel": "{\"manages\":[{\"_id\":\"edge_application:622\"}]}"
    },
    "modbus/5/5df": {
      "_in_rel": "{\"manages\":[{\"_id\":\"edge_application:622\"}]}"
    },
    "modbus/5/67": {
      "_in_rel": "{\"samples\":[{\"_id\":\"edge_application:4_ea_7b\"}]}"
    },
    "modbus/5/68": {
      "_in_rel": "{\"samples\":[{\"_id\":\"edge_application:4_ea_7b\"}]}"
    },
    "modbus/5/6e4": {
      "_in_rel": "{\"samples\":[{\"_id\":\"edge_application:4_ea_7b\"}]}"
    },
    "modbus/5/6e7": {
      "_in_rel": "{\"samples\":[{\"_id\":\"edge_application:4_ea_7b\"}]}"
    },
    "modbus/5/6f9": {
      "_in_rel": "{\"samples\":[{\"_id\":\"edge_application:4_ea_7b\"}]}"
    },
    "modbus/5/704": {
      "_in_rel": "{\"samples\":[{\"_id\":\"edge_application:4_ea_7b\"}]}"
    },
    "modbus/5/705": {
      "_in_rel": "{\"samples\":[{\"_id\":\"edge_application:4_ea_7b\"}]}"
    },
    "modbus/5/78a": {
      "_in_rel": "{\"samples\":[{\"_id\":\"edge_application:4_ea_7b\"}]}"
    },
    "modbus/5/78b": {
      "_in_rel": "{\"samples\":[{\"_id\":\"edge_application:4_ea_7b\"}]}"
    },
    "modbus/5/795": {
      "_in_rel": "{\"samples\":[{\"_id\":\"edge_application:4_ea_7b\"}]}"
    },
    "modbus/5/796": {
      "_in_rel": "{\"samples\":[{\"_id\":\"edge_application:4_ea_7b\"}]}"
    },
    "modbus/5/799": {
      "_in_rel": "{\"samples\":[{\"_id\":\"edge_application:4_ea_7b\"}]}"
    },
    "modbus/5/79a": {
      "_in_rel": "{\"samples\":[{\"_id\":\"edge_application:4_ea_7b\"}]}"
    },
    "modbus/5/7b0": {
      "_in_rel": "{\"samples\":[{\"_id\":\"edge_application:4_ea_7b\"}]}"
    },
    "modbus/5/7b7": {
      "_in_rel": "{\"manages\":[{\"_id\":\"edge_application:622\"}]}"
    },
    "modbus/5/81": {
      "_in_rel": "{\"has_child\":[{\"_id\":\"bridge_component\"}]}"
    },
    "modbus/5/849": {
      "_in_rel": "{\"manages\":[{\"_id\":\"edge_application:622\"}]}"
    },
    "modbus/5/84b": {
      "_in_rel": "{\"manages\":[{\"_id\":\"edge_application:622\"}]}"
    },
    "modbus/5/ba": {
      "_in_rel": "{\"samples\":[{\"_id\":\"edge_application:4_ea_7b\"}]}"
    },
    "modbus/5/c4": {
      "_in_rel": "{\"samples\":[{\"_id\":\"edge_application:4_ea_7b\"}]}"
    },
    "modbus/5/c5": {
      "_in_rel": "{\"samples\":[{\"_id\":\"edge_application:4_ea_7b\"}]}"
    },
    "modbus/6/118": {
      "_in_rel": "{\"samples\":[{\"_id\":\"edge_application:4_ea_7b\"}]}"
    },
    "modbus/6/119": {
      "_in_rel": "{\"samples\":[{\"_id\":\"edge_application:4_ea_7b\"}]}"
    },
    "modbus/6/11a": {
      "_in_rel": "{\"samples\":[{\"_id\":\"edge_application:4_ea_7b\"}]}"
    },
    "modbus/6/12f": {
      "_in_rel": "{\"samples\":[{\"_id\":\"edge_application:4_ea_7b\"}]}"
    },
    "modbus/6/130": {
      "_in_rel": "{\"samples\":[{\"_id\":\"edge_application:4_ea_7b\"}]}"
    },
    "modbus/6/131": {
      "_in_rel": "{\"samples\":[{\"_id\":\"edge_application:4_ea_7b\"}]}"
    },
    "modbus/6/132": {
      "_in_rel": "{\"samples\":[{\"_id\":\"edge_application:4_ea_7b\"}]}"
    },
    "modbus/6/133": {
      "_in_rel": "{\"samples\":[{\"_id\":\"edge_application:4_ea_7b\"}]}"
    },
    "modbus/6/134": {
      "_in_rel": "{\"samples\":[{\"_id\":\"edge_application:4_ea_7b\"}]}"
    },
    "modbus/6/155": {
      "_in_rel": "{\"samples\":[{\"_id\":\"edge_application:4_ea_7b\"}]}"
    },
    "modbus/6/156": {
      "_in_rel": "{\"samples\":[{\"_id\":\"edge_application:4_ea_7b\"}]}"
    },
    "modbus/6/157": {
      "_in_rel": "{\"samples\":[{\"_id\":\"edge_application:4_ea_7b\"}]}"
    },
    "modbus/6/158": {
      "_in_rel": "{\"samples\":[{\"_id\":\"edge_application:4_ea_7b\"}]}"
    },
    "modbus/6/159": {
      "_in_rel": "{\"samples\":[{\"_id\":\"edge_application:4_ea_7b\"}]}"
    },
    "modbus/6/15a": {
      "_in_rel": "{\"samples\":[{\"_id\":\"edge_application:4_ea_7b\"}]}"
    },
    "modbus/6/15c": {
      "_in_rel": "{\"samples\":[{\"_id\":\"edge_application:4_ea_7b\"}]}"
    },
    "modbus/6/15d": {
      "_in_rel": "{\"samples\":[{\"_id\":\"edge_application:4_ea_7b\"}]}"
    },
    "modbus/6/15e": {
      "_in_rel": "{\"samples\":[{\"_id\":\"edge_application:4_ea_7b\"}]}"
    },
    "modbus/6/15f": {
      "_in_rel": "{\"samples\":[{\"_id\":\"edge_application:4_ea_7b\"}]}"
    },
    "modbus/6/160": {
      "_in_rel": "{\"samples\":[{\"_id\":\"edge_application:4_ea_7b\"}]}"
    },
    "modbus/6/161": {
      "_in_rel": "{\"samples\":[{\"_id\":\"edge_application:4_ea_7b\"}]}"
    },
    "modbus/6/16a": {
      "_in_rel": "{\"samples\":[{\"_id\":\"edge_application:4_ea_7b\"}]}"
    },
    "modbus/6/16b": {
      "_in_rel": "{\"samples\":[{\"_id\":\"edge_application:4_ea_7b\"}]}"
    },
    "modbus/6/16c": {
      "_in_rel": "{\"samples\":[{\"_id\":\"edge_application:4_ea_7b\"}]}"
    },
    "modbus/6/16d": {
      "_in_rel": "{\"samples\":[{\"_id\":\"edge_application:4_ea_7b\"}]}"
    },
    "modbus/6/16e": {
      "_in_rel": "{\"samples\":[{\"_id\":\"edge_application:4_ea_7b\"}]}"
    },
    "modbus/6/1a0": {
      "_in_rel": "{\"samples\":[{\"_id\":\"edge_application:4_ea_7b\"}]}"
    },
    "modbus/6/1a1": {
      "_in_rel": "{\"samples\":[{\"_id\":\"edge_application:4_ea_7b\"}]}"
    },
    "modbus/6/1a2": {
      "_in_rel": "{\"samples\":[{\"_id\":\"edge_application:4_ea_7b\"}]}"
    },
    "modbus/6/1a6": {
      "_in_rel": "{\"samples\":[{\"_id\":\"edge_application:4_ea_7b\"}]}"
    },
    "modbus/6/1a7": {
      "_in_rel": "{\"samples\":[{\"_id\":\"edge_application:4_ea_7b\"}]}"
    },
    "modbus/6/1a8": {
      "_in_rel": "{\"samples\":[{\"_id\":\"edge_application:4_ea_7b\"}]}"
    },
    "modbus/6/1c7": {
      "_in_rel": "{\"samples\":[{\"_id\":\"edge_application:4_ea_7b\"}]}"
    },
    "modbus/6/1c8": {
      "_in_rel": "{\"samples\":[{\"_id\":\"edge_application:4_ea_7b\"}]}"
    },
    "modbus/6/1c9": {
      "_in_rel": "{\"samples\":[{\"_id\":\"edge_application:4_ea_7b\"}]}"
    },
    "modbus/6/1ca": {
      "_in_rel": "{\"samples\":[{\"_id\":\"edge_application:4_ea_7b\"}]}"
    },
    "modbus/6/1cb": {
      "_in_rel": "{\"samples\":[{\"_id\":\"edge_application:4_ea_7b\"}]}"
    },
    "modbus/6/1cc": {
      "_in_rel": "{\"samples\":[{\"_id\":\"edge_application:4_ea_7b\"}]}"
    },
    "modbus/6/1d1": {
      "_in_rel": "{\"samples\":[{\"_id\":\"edge_application:4_ea_7b\"}]}"
    },
    "modbus/6/1d3": {
      "_in_rel": "{\"samples\":[{\"_id\":\"edge_application:4_ea_7b\"}]}"
    },
    "modbus/6/1d5": {
      "_in_rel": "{\"samples\":[{\"_id\":\"edge_application:4_ea_7b\"}]}"
    },
    "modbus/6/1d7": {
      "_in_rel": "{\"samples\":[{\"_id\":\"edge_application:4_ea_7b\"}]}"
    },
    "modbus/6/1d9": {
      "_in_rel": "{\"samples\":[{\"_id\":\"edge_application:4_ea_7b\"}]}"
    },
    "modbus/6/1db": {
      "_in_rel": "{\"samples\":[{\"_id\":\"edge_application:4_ea_7b\"}]}"
    },
    "modbus/6/1dd": {
      "_in_rel": "{\"samples\":[{\"_id\":\"edge_application:4_ea_7b\"}]}"
    },
    "modbus/6/1df": {
      "_in_rel": "{\"samples\":[{\"_id\":\"edge_application:4_ea_7b\"}]}"
    },
    "modbus/6/1e1": {
      "_in_rel": "{\"samples\":[{\"_id\":\"edge_application:4_ea_7b\"}]}"
    },
    "modbus/6/1e3": {
      "_in_rel": "{\"samples\":[{\"_id\":\"edge_application:4_ea_7b\"}]}"
    },
    "modbus/6/1e5": {
      "_in_rel": "{\"samples\":[{\"_id\":\"edge_application:4_ea_7b\"}]}"
    },
    "modbus/6/1e7": {
      "_in_rel": "{\"samples\":[{\"_id\":\"edge_application:4_ea_7b\"}]}"
    },
    "modbus/6/1e9": {
      "_in_rel": "{\"samples\":[{\"_id\":\"edge_application:4_ea_7b\"}]}"
    },
    "modbus/6/1eb": {
      "_in_rel": "{\"samples\":[{\"_id\":\"edge_application:4_ea_7b\"}]}"
    },
    "modbus/6/1ed": {
      "_in_rel": "{\"samples\":[{\"_id\":\"edge_application:4_ea_7b\"}]}"
    },
    "modbus/6/1ef": {
      "_in_rel": "{\"samples\":[{\"_id\":\"edge_application:4_ea_7b\"}]}"
    },
    "modbus/6/1f0": {
      "_in_rel": "{\"samples\":[{\"_id\":\"edge_application:4_ea_7b\"}]}"
    },
    "modbus/6/1fb": {
      "_in_rel": "{\"samples\":[{\"_id\":\"edge_application:4_ea_7b\"}]}"
    },
    "modbus/6/1fd": {
      "_in_rel": "{\"samples\":[{\"_id\":\"edge_application:4_ea_7b\"}]}"
    },
    "modbus/6/311": {
      "_in_rel": "{\"has_connection\":[{\"_id\":\"topo:6f\"}]}"
    },
    "modbus/6/37e": {
      "_in_rel": "{\"has_device\":[{\"_id\":\"topo:381\"}]}"
    },
    "modbus/6/81": {
      "_in_rel": "{\"has_child\":[{\"_id\":\"bridge_component\"}]}"
    },
    "modbus/6/849": {
      "_in_rel": "{\"manages\":[{\"_id\":\"edge_application:622\"}]}"
    },
    "modbus/6/b8": {
      "_in_rel": "{\"samples\":[{\"_id\":\"edge_application:4_ea_7b\"}]}"
    },
    "modbus/6/b9": {
      "_in_rel": "{\"samples\":[{\"_id\":\"edge_application:4_ea_7b\"}]}"
    },
    "modbus/6/ba": {
      "_in_rel": "{\"samples\":[{\"_id\":\"edge_application:4_ea_7b\"}]}"
    },
    "modbus/6/c4": {
      "_in_rel": "{\"samples\":[{\"_id\":\"edge_application:4_ea_7b\"}]}"
    },
    "modbus/6/c5": {
      "_in_rel": "{\"samples\":[{\"_id\":\"edge_application:4_ea_7b\"}]}"
    },
    "modbus/root_device/31f": {
      "_in_rel": "{\"has_function\":[{\"_id\":\"bridge_component\"}]}"
    },
    "modbus/root_device/32a": {
      "_in_rel": "{\"has_function\":[{\"_id\":\"bridge_component\"}]}"
    },
    "modbus/root_device/33e": {
      "_in_rel": "{\"has_function\":[{\"_id\":\"bridge_component\"}]}"
    },
    "modbus/root_device/761": {
      "_in_rel": "{\"has_function\":[{\"_id\":\"bridge_component\"}]}"
    },
    "modbus/root_device/83c": {
      "_in_rel": "{\"has_function\":[{\"_id\":\"bridge_component\"}]}"
    },
    "topo/1/81": {
      "_in_rel": "{\"has_child\":[{\"_id\":\"bridge_component\"}],\"provides_measurements_to\":[{\"_id\":\"zigbee:1_zd_307\"}]}"
    },
    "topo/2/81": {
      "_in_rel": "{\"has_child\":[{\"_id\":\"bridge_component\"}],\"provides_measurements_to\":[{\"_id\":\"zigbee:2_zd_307\"}]}"
    },
    "topo/3/81": {
      "_in_rel": "{\"has_child\":[{\"_id\":\"bridge_component\"}],\"provides_measurements_to\":[{\"_id\":\"zigbee:3_zd_307\"}]}"
    },
    "topo/4/81": {
      "_in_rel": "{\"has_child\":[{\"_id\":\"bridge_component\"}],\"provides_measurements_to\":[{\"_id\":\"zigbee:4_zd_307\"}]}"
    },
    "topo/5/81": {
      "_in_rel": "{\"has_child\":[{\"_id\":\"bridge_component\"}],\"provides_measurements_to\":[{\"_id\":\"zigbee:5_zd_307\"}]}"
    },
    "topo/root_device/381": {
      "_out_rel": "{\"has_device\":[{\"_id\":\"modbus:4_mb_37e\"},{\"_id\":\"modbus:5_mb_37e\"},{\"_id\":\"modbus:6_mb_37e\"},{\"_id\":\"zigbee:1_zd_37e\"},{\"_id\":\"zigbee:2_zd_37e\"},{\"_id\":\"zigbee:3_zd_37e\"},{\"_id\":\"zigbee:4_zd_37e\"},{\"_id\":\"zigbee:5_zd_37e\"}]}"
    },
    "topo/root_device/5cb": {
      "_in_rel": "{\"has_function\":[{\"_id\":\"bridge_component\"}]}"
    },
    "topo/root_device/6f": {
      "_out_rel": "{\"has_connection\":[{\"_id\":\"modbus:4_mb_311\"},{\"_id\":\"modbus:5_mb_311\"},{\"_id\":\"modbus:6_mb_311\"},{\"_id\":\"zigbee:1_zd_418\"},{\"_id\":\"zigbee:2_zd_418\"},{\"_id\":\"zigbee:3_zd_418\"},{\"_id\":\"zigbee:4_zd_418\"},{\"_id\":\"zigbee:5_zd_418\"}]}"
    },
    "zigbee/1/143": {
      "_in_rel": "{\"samples\":[{\"_id\":\"edge_application:4_ea_7b\"}]}"
    },
    "zigbee/1/144": {
      "_in_rel": "{\"samples\":[{\"_id\":\"edge_application:4_ea_7b\"}]}"
    },
    "zigbee/1/145": {
      "_in_rel": "{\"samples\":[{\"_id\":\"edge_application:4_ea_7b\"}]}"
    },
    "zigbee/1/146": {
      "_in_rel": "{\"samples\":[{\"_id\":\"edge_application:4_ea_7b\"}]}"
    },
    "zigbee/1/147": {
      "_in_rel": "{\"samples\":[{\"_id\":\"edge_application:4_ea_7b\"}]}"
    },
    "zigbee/1/148": {
      "_in_rel": "{\"samples\":[{\"_id\":\"edge_application:4_ea_7b\"}]}"
    },
    "zigbee/1/155": {
      "_in_rel": "{\"samples\":[{\"_id\":\"edge_application:4_ea_7b\"}]}"
    },
    "zigbee/1/156": {
      "_in_rel": "{\"samples\":[{\"_id\":\"edge_application:4_ea_7b\"}]}"
    },
    "zigbee/1/157": {
      "_in_rel": "{\"samples\":[{\"_id\":\"edge_application:4_ea_7b\"}]}"
    },
    "zigbee/1/15e": {
      "_in_rel": "{\"samples\":[{\"_id\":\"edge_application:4_ea_7b\"}]}"
    },
    "zigbee/1/15f": {
      "_in_rel": "{\"samples\":[{\"_id\":\"edge_application:4_ea_7b\"}]}"
    },
    "zigbee/1/160": {
      "_in_rel": "{\"samples\":[{\"_id\":\"edge_application:4_ea_7b\"}]}"
    },
    "zigbee/1/1c8": {
      "_in_rel": "{\"samples\":[{\"_id\":\"edge_application:4_ea_7b\"}]}"
    },
    "zigbee/1/1ca": {
      "_in_rel": "{\"samples\":[{\"_id\":\"edge_application:4_ea_7b\"}]}"
    },
    "zigbee/1/1cc": {
      "_in_rel": "{\"samples\":[{\"_id\":\"edge_application:4_ea_7b\"}]}"
    },
    "zigbee/1/1d1": {
      "_in_rel": "{\"samples\":[{\"_id\":\"edge_application:4_ea_7b\"}]}"
    },
    "zigbee/1/1d2": {
      "_in_rel": "{\"samples\":[{\"_id\":\"edge_application:4_ea_7b\"}]}"
    },
    "zigbee/1/1dd": {
      "_in_rel": "{\"samples\":[{\"_id\":\"edge_application:4_ea_7b\"}]}"
    },
    "zigbee/1/1de": {
      "_in_rel": "{\"samples\":[{\"_id\":\"edge_application:4_ea_7b\"}]}"
    },
    "zigbee/1/1e9": {
      "_in_rel": "{\"samples\":[{\"_id\":\"edge_application:4_ea_7b\"}]}"
    },
    "zigbee/1/1ea": {
      "_in_rel": "{\"samples\":[{\"_id\":\"edge_application:4_ea_7b\"}]}"
    },
    "zigbee/1/1ef": {
      "_in_rel": "{\"samples\":[{\"_id\":\"edge_application:4_ea_7b\"}]}"
    },
    "zigbee/1/1f0": {
      "_in_rel": "{\"samples\":[{\"_id\":\"edge_application:4_ea_7b\"}]}"
    },
    "zigbee/1/1fb": {
      "_in_rel": "{\"samples\":[{\"_id\":\"edge_application:4_ea_7b\"}]}"
    },
    "zigbee/1/25": {
      "_in_rel": "{\"manages\":[{\"_id\":\"edge_application:622\"}]}"
    },
    "zigbee/1/307": {
      "_out_rel": "{\"provides_measurements_to\":[{\"_id\":\"topo:1_ed_81\"}]}"
    },
    "zigbee/1/37e": {
      "_in_rel": "{\"has_device\":[{\"_id\":\"topo:381\"}]}"
    },
    "zigbee/1/418": {
      "_in_rel": "{\"has_connection\":[{\"_id\":\"topo:6f\"}]}"
    },
    "zigbee/1/5a8": {
      "_in_rel": "{\"manages\":[{\"_id\":\"edge_application:622\"}]}"
    },
    "zigbee/1/81": {
      "_in_rel": "{\"has_child\":[{\"_id\":\"bridge_component\"}],\"virtualize\":[{\"_id\":\"local_modbus:1_lm_46c\"}]}"
    },
    "zigbee/1/849": {
      "_in_rel": "{\"manages\":[{\"_id\":\"edge_application:622\"}]}"
    },
    "zigbee/1/ea": {
      "_in_rel": "{\"samples\":[{\"_id\":\"edge_application:4_ea_7b\"}]}"
    },
    "zigbee/1/eb": {
      "_in_rel": "{\"samples\":[{\"_id\":\"edge_application:4_ea_7b\"}]}"
    },
    "zigbee/1/ec": {
      "_in_rel": "{\"samples\":[{\"_id\":\"edge_application:4_ea_7b\"}]}"
    },
    "zigbee/1/ed": {
      "_in_rel": "{\"samples\":[{\"_id\":\"edge_application:4_ea_7b\"}]}"
    },
    "zigbee/1/ee": {
      "_in_rel": "{\"samples\":[{\"_id\":\"edge_application:4_ea_7b\"}]}"
    },
    "zigbee/1/ef": {
      "_in_rel": "{\"samples\":[{\"_id\":\"edge_application:4_ea_7b\"}]}"
    },
    "zigbee/2/214": {
      "_in_rel": "{\"samples\":[{\"_id\":\"edge_application:4_ea_7b\"}]}"
    },
    "zigbee/2/21a": {
      "_in_rel": "{\"samples\":[{\"_id\":\"edge_application:4_ea_7b\"}]}"
    },
    "zigbee/2/307": {
      "_out_rel": "{\"provides_measurements_to\":[{\"_id\":\"topo:2_ed_81\"}]}"
    },
    "zigbee/2/37e": {
      "_in_rel": "{\"has_device\":[{\"_id\":\"topo:381\"}]}"
    },
    "zigbee/2/418": {
      "_in_rel": "{\"has_connection\":[{\"_id\":\"topo:6f\"}]}"
    },
    "zigbee/2/561": {
      "_in_rel": "{\"manages\":[{\"_id\":\"edge_application:622\"}]}"
    },
    "zigbee/2/81": {
      "_in_rel": "{\"has_child\":[{\"_id\":\"bridge_component\"}],\"virtualize\":[{\"_id\":\"local_modbus:2_lm_46c\"}]}"
    },
    "zigbee/2/849": {
      "_in_rel": "{\"manages\":[{\"_id\":\"edge_application:622\"}]}"
    },
    "zigbee/3/202": {
      "_in_rel": "{\"samples\":[{\"_id\":\"edge_application:4_ea_7b\"}]}"
    },
    "zigbee/3/21": {
      "_in_rel": "{\"manages\":[{\"_id\":\"edge_application:622\"}]}"
    },
    "zigbee/3/214": {
      "_in_rel": "{\"samples\":[{\"_id\":\"edge_application:4_ea_7b\"}]}"
    },
    "zigbee/3/21a": {
      "_in_rel": "{\"samples\":[{\"_id\":\"edge_application:4_ea_7b\"}]}"
    },
    "zigbee/3/22": {
      "_in_rel": "{\"manages\":[{\"_id\":\"edge_application:622\"}]}"
    },
    "zigbee/3/23": {
      "_in_rel": "{\"manages\":[{\"_id\":\"edge_application:622\"}]}"
    },
    "zigbee/3/307": {
      "_out_rel": "{\"provides_measurements_to\":[{\"_id\":\"topo:3_ed_81\"}]}"
    },
    "zigbee/3/37e": {
      "_in_rel": "{\"has_device\":[{\"_id\":\"topo:381\"}]}"
    },
    "zigbee/3/418": {
      "_in_rel": "{\"has_connection\":[{\"_id\":\"topo:6f\"}]}"
    },
    "zigbee/3/565": {
      "_in_rel": "{\"manages\":[{\"_id\":\"edge_application:622\"}]}"
    },
    "zigbee/3/566": {
      "_in_rel": "{\"manages\":[{\"_id\":\"edge_application:622\"}]}"
    },
    "zigbee/3/81": {
      "_in_rel": "{\"has_child\":[{\"_id\":\"bridge_component\"}],\"virtualize\":[{\"_id\":\"local_modbus:3_lm_46c\"}]}"
    },
    "zigbee/3/849": {
      "_in_rel": "{\"manages\":[{\"_id\":\"edge_application:622\"}]}"
    },
    "zigbee/4/21a": {
      "_in_rel": "{\"samples\":[{\"_id\":\"edge_application:4_ea_7b\"}]}"
    },
    "zigbee/4/307": {
      "_out_rel": "{\"provides_measurements_to\":[{\"_id\":\"topo:4_ed_81\"}]}"
    },
    "zigbee/4/37e": {
      "_in_rel": "{\"has_device\":[{\"_id\":\"topo:381\"}]}"
    },
    "zigbee/4/418": {
      "_in_rel": "{\"has_connection\":[{\"_id\":\"topo:6f\"}]}"
    },
    "zigbee/4/81": {
      "_in_rel": "{\"has_child\":[{\"_id\":\"bridge_component\"}],\"virtualize\":[{\"_id\":\"local_modbus:4_lm_46c\"}]}"
    },
    "zigbee/4/849": {
      "_in_rel": "{\"manages\":[{\"_id\":\"edge_application:622\"}]}"
    },
    "zigbee/5/21a": {
      "_in_rel": "{\"samples\":[{\"_id\":\"edge_application:4_ea_7b\"}]}"
    },
    "zigbee/5/307": {
      "_out_rel": "{\"provides_measurements_to\":[{\"_id\":\"topo:5_ed_81\"}]}"
    },
    "zigbee/5/37e": {
      "_in_rel": "{\"has_device\":[{\"_id\":\"topo:381\"}]}"
    },
    "zigbee/5/418": {
      "_in_rel": "{\"has_connection\":[{\"_id\":\"topo:6f\"}]}"
    },
    "zigbee/5/81": {
      "_in_rel": "{\"has_child\":[{\"_id\":\"bridge_component\"}],\"virtualize\":[{\"_id\":\"local_modbus:5_lm_46c\"}]}"
    },
    "zigbee/5/849": {
      "_in_rel": "{\"manages\":[{\"_id\":\"edge_application:622\"}]}"
    },
    "zigbee/root_device/2fd": {
      "_in_rel": "{\"has_function\":[{\"_id\":\"bridge_component\"}]}"
    },
    "zigbee/root_device/419": {
      "_in_rel": "{\"has_function\":[{\"_id\":\"bridge_component\"}]}"
    }
  },
  "string": {
    "DATAMODEL_VERSION_NUMBER": "002079000",
    "DATAMODEL_VERSION_TYPE": "RELEASE"
  }
}
