{
  "database_index": 10,
  "hash": {
    "local_modbus/1/": {
      "__zb_device_index": "1",
      "_model_id": "iot.modbus.virtual.server.VirtualDevice"
    },
    "local_modbus/1/46c": {
      "_in_rel": "{\"has_virtual_device\":[{\"_id\":\"local_modbus:354\"}]}",
      "_variants": "{\"unit_id.value\":100}"
    },
    "local_modbus/2/": {
      "__zb_device_index": "2",
      "_model_id": "iot.modbus.virtual.server.VirtualDevice"
    },
    "local_modbus/2/46c": {
      "_in_rel": "{\"has_virtual_device\":[{\"_id\":\"local_modbus:354\"}]}",
      "_variants": "{\"unit_id.value\":101}"
    },
    "local_modbus/3/": {
      "__zb_device_index": "3",
      "_model_id": "iot.modbus.virtual.server.VirtualDevice"
    },
    "local_modbus/3/46c": {
      "_in_rel": "{\"has_virtual_device\":[{\"_id\":\"local_modbus:354\"}]}",
      "_variants": "{\"unit_id.value\":102}"
    },
    "local_modbus/4/": {
      "__zb_device_index": "4",
      "_model_id": "iot.modbus.virtual.server.VirtualDevice"
    },
    "local_modbus/4/46c": {
      "_in_rel": "{\"has_virtual_device\":[{\"_id\":\"local_modbus:354\"}]}",
      "_variants": "{\"unit_id.value\":103}"
    },
    "local_modbus/5/": {
      "__zb_device_index": "5",
      "_model_id": "iot.modbus.virtual.server.VirtualDevice"
    },
    "local_modbus/5/46c": {
      "_in_rel": "{\"has_virtual_device\":[{\"_id\":\"local_modbus:354\"}]}",
      "_variants": "{\"unit_id.value\":104}"
    },
    "local_modbus/root_device": {
      "_panel_server.zigbee_modbus_virtual_discovery_service.device_module": "true"
    },
    "local_modbus/root_device/354": {
      "_out_rel": "{\"has_virtual_device\":[{\"_id\":\"local_modbus:1_lm_46c\"},{\"_id\":\"local_modbus:2_lm_46c\"},{\"_id\":\"local_modbus:3_lm_46c\"},{\"_id\":\"local_modbus:4_lm_46c\"},{\"_id\":\"local_modbus:5_lm_46c\"}],\"has_service\":[{\"_id\":\"local_modbus:84a\"}]}"
    },
    "local_modbus/root_device/84a": {
      "_in_rel": "{\"has_service\":[{\"_id\":\"local_modbus:354\"}]}"
    }
  },
  "string": {
    "DATAMODEL_VERSION_NUMBER": "002079000",
    "DATAMODEL_VERSION_TYPE": "RELEASE",
    "_uniqueID_": "5"
  }
}
