{
  "database_index": 1,
  "hash": {
    "local_device/root_device": {
      "__ServiceDataManager": "{\"Modbus\":{\"tcp\":502,\"tcp_forward\":502}}",
      "_panel_server.dual_ethernet.device_module": "true",
      "_panel_server.wifi.device_module": "true",
      "_panel_server.wifi_external_antenna.device_module": "true"
    },
    "local_device/root_device/222": {
      "_in_rel": "{\"has_settings\":[{\"_id\":\"iot.networking.ethernet.Function\"}]}",
      "_variants": "{\"value\":\"Switched\"}"
    },
    "local_device/root_device/224": {
      "_out_rel": "{\"has_settings\":[{\"_id\":\"iot.networking.ethernet.EthernetMode\"}],\"has_information\":[{\"_id\":\"iot.networking.ethernet.EthernetModeStatus\"}],\"has_port\":[{\"_id\":\"port1\"}],\"has_switch_port\":[{\"_id\":\"switched_port\"}]}"
    },
    "local_device/root_device/227/Port0": {
      "_in_rel": "{\"aggregates\":[{\"_id\":\"switched_port\"}]}"
    },
    "local_device/root_device/227/Port1": {
      "_in_rel": "{\"has_port\":[{\"_id\":\"iot.networking.ethernet.Function\"}]}"
    },
    "local_device/root_device/232/SwitchedPort": {
      "_in_rel": "{\"has_switch_port\":[{\"_id\":\"iot.networking.ethernet.Function\"}]}",
      "_out_rel": "{\"aggregates\":[{\"_id\":\"port0\"}]}"
    },
    "local_device/root_device/288": {
      "_variants": "{\"value\":\"Enabled\"}"
    },
    "local_device/root_device/290": {
      "_variants": "{\"authentication_key.value\":\"sch12345\",\"authentication_mode.value\":\"WpaPsk\",\"ssid.value\":\"EPCMOBILE\"}"
    },
    "local_device/root_device/2c7": {
      "_variants": "{\"assignment_mode.value\":\"Dhcp\",\"primary_dns.value\":\"\",\"secondary_dns.value\":\"\"}"
    },
    "local_device/root_device/2c8": {
      "_out_rel": "{\"has_interface\":[{\"_id\":\"wlan0\"},{\"_id\":\"geth1\"},{\"_id\":\"br0\"}]}"
    },
    "local_device/root_device/2cb/SwitchedEth0": {
      "_variants": "{\"assignment_mode.value\":\"Static\",\"ip_address.value\":\"\"}"
    },
    "local_device/root_device/2cc/Eth0": {
      "_out_rel": "{\"enables_ip_service\":[{\"_id\":\"dpws_ip_service\"},{\"_id\":\"https_ip_service\"},{\"_id\":\"modbus_ip_service\"}]}"
    },
    "local_device/root_device/2cc/Eth1": {
      "_in_rel": "{\"has_interface\":[{\"_id\":\"iot.networking.ip.interface.Function\"}]}",
      "_out_rel": "{\"enables_ip_service\":[{\"_id\":\"dpws_ip_service\"},{\"_id\":\"https_ip_service\"}]}"
    },
    "local_device/root_device/2cc/SwitchedEth0": {
      "_in_rel": "{\"has_interface\":[{\"_id\":\"iot.networking.ip.interface.Function\"}]}",
      "_out_rel": "{\"enables_ip_service\":[{\"_id\":\"dpws_ip_service\"},{\"_id\":\"https_ip_service\"},{\"_id\":\"modbus_ip_service\"}]}"
    },
    "local_device/root_device/2cc/Wlan0": {
      "_in_rel": "{\"has_interface\":[{\"_id\":\"iot.networking.ip.interface.Function\"}]}",
      "_out_rel": "{\"enables_ip_service\":[{\"_id\":\"dpws_ip_service\"},{\"_id\":\"https_ip_service\"}]}"
    },
    "local_device/root_device/2d4/SwitchedEth0": {
      "_variants": "{\"assignment_mode.value\":\"Static\",\"ip_address.value\":\"169.254.52.181\",\"netmask.value\":\"255.255.0.0\"}"
    },
    "local_device/root_device/378": {
      "_out_rel": "{\"has_function\":[{\"_id\":\"iot.networking.wifi.Function\"}]}"
    },
    "local_device/root_device/3bf": {
      "_variants": "{\"value\":\"Enabled\"}"
    },
    "local_device/root_device/3c0": {
      "_variants": "{\"address.value\":\"165.225.104.32\",\"authentication_mode.value\":\"Disabled\",\"non_proxy_hosts.value\":[],\"port.value\":443,\"user_login.value\":\"\",\"user_pwd.value\":\"\"}"
    },
    "local_device/root_device/3f5": {
      "_variants": "{\"last_synchronization.value\":\"2024-08-12T12:22:33.360+00:00\"}"
    },
    "local_device/root_device/408": {
      "_variants": "{\"value\":\"Enabled\"}"
    },
    "local_device/root_device/40a": {
      "_in_rel": "{\"has_information\":[{\"_id\":\"iot.networking.wifi.Function\"}]}"
    },
    "local_device/root_device/40b": {
      "_in_rel": "{\"has_settings\":[{\"_id\":\"iot.networking.wifi.Function\"}]}",
      "_variants": "{\"value\":\"Internal\"}"
    },
    "local_device/root_device/412": {
      "_variants": "{\"value\":\"00\"}"
    },
    "local_device/root_device/413": {
      "_in_rel": "{\"has_function\":[{\"_id\":\"networking_function\"}]}",
      "_out_rel": "{\"has_settings\":[{\"_id\":\"iot.networking.wifi.AntennaSetting\"}],\"has_information\":[{\"_id\":\"iot.networking.wifi.AntennaInformation\"}]}"
    },
    "local_device/root_device/56a": {
      "_in_rel": "{\"has_information\":[{\"_id\":\"iot.networking.ethernet.Function\"}]}"
    },
    "local_device/root_device/765/Dpws": {
      "_in_rel": "{\"enables_ip_service\":[{\"_id\":\"br0\"},{\"_id\":\"geth0\"},{\"_id\":\"geth1\"},{\"_id\":\"wlan0\"}]}"
    },
    "local_device/root_device/765/Https": {
      "_in_rel": "{\"enables_ip_service\":[{\"_id\":\"br0\"},{\"_id\":\"geth0\"},{\"_id\":\"geth1\"},{\"_id\":\"wlan0\"}]}"
    },
    "local_device/root_device/765/Modbus": {
      "_in_rel": "{\"enables_ip_service\":[{\"_id\":\"br0\"},{\"_id\":\"geth0\"}]}"
    },
    "local_device/root_device/9f6": {
      "_variants": "{\"value\":\"Disabled\"}"
    },
    "local_device/root_device/a3": {
      "_variants": "{\"value\":\"Disabled\"}"
    },
    "local_device/root_device/c": {
      "_variants": "{\"activation_duration.value\":10,\"authentication_key.value\":\"\",\"authentication_mode.value\":\"WpaPsk\",\"channel.value\":2412,\"channel_mode.value\":\"Auto\",\"ssid.value\":\"PAS800L_542236510153\"}"
    }
  },
  "string": {
    "DATAMODEL_VERSION_NUMBER": "002079000",
    "DATAMODEL_VERSION_TYPE": "RELEASE"
  }
}
