{
  "database_index": 3,
  "hash": {
    "modbus/4/": {
      "__model_id": "iem3455_tcp.device",
      "_model_id": "iem3455_tcp.device"
    },
    "modbus/4/250": {
      "_variants": "{\"revision.value\":\"001.000.010\"}"
    },
    "modbus/4/311": {
      "_out_rel": "{\"is_linked_to\":[{\"_id\":\"modbus:33e\"}]}"
    },
    "modbus/4/38d": {
      "_variants": "{\"value\":\"1.0.0\"}"
    },
    "modbus/4/38f": {
      "_variants": "{\"value\":\"A9MEM3455\"}"
    },
    "modbus/4/391": {
      "_variants": "{\"value\":\"3405\"}"
    },
    "modbus/4/392": {
      "_variants": "{\"value\":\"iEM3455\"}"
    },
    "modbus/4/393": {
      "_variants": "{\"value\":\"iEM3000\"}"
    },
    "modbus/4/394": {
      "_variants": "{\"value\":\"15416006\"}"
    },
    "modbus/4/396": {
      "_variants": "{\"value\":\"Schneider Electric\"}"
    },
    "modbus/4/397": {
      "_variants": "{\"value\":\"www.schneider-electric.com\"}"
    },
    "modbus/4/587": {
      "_variants": "{\"ip_address.value\":\"169.254.86.195\",\"local_id.value\":200,\"tcp_port.value\":502,\"unit_id.value\":1}"
    },
    "modbus/5/": {
      "__model_id": "masterpact_nt_nw_p_6_0_ifm_tcp.device",
      "_model_id": "generic.modbus_tcp.device"
    },
    "modbus/5/249": {
      "_variants": "{\"value\":\"Masterpact NT/NW\"}"
    },
    "modbus/5/250": {
      "_variants": "{\"revision.value\":\"4150\"}"
    },
    "modbus/5/311": {
      "_out_rel": "{\"is_linked_to\":[{\"_id\":\"modbus:33e\"}]}"
    },
    "modbus/5/38f": {
      "_variants": "{\"value\":\"LV434000\"}"
    },
    "modbus/5/390": {
      "_variants": "{\"value\":\"Circuit Breaker\"}"
    },
    "modbus/5/391": {
      "_variants": "{\"value\":\"15133\"}"
    },
    "modbus/5/392": {
      "_variants": "{\"value\":\"Masterpact NT/NW P 6.0 IFM\"}"
    },
    "modbus/5/393": {
      "_variants": "{\"value\":\"Masterpact NT/NW\"}"
    },
    "modbus/5/394": {
      "_variants": "{\"value\":\"40733013\"}"
    },
    "modbus/5/395": {
      "_variants": "{\"value\":\"Masterpact NT/NW P 6.0 IFM\"}"
    },
    "modbus/5/396": {
      "_variants": "{\"value\":\"Schneider Electric\"}"
    },
    "modbus/5/397": {
      "_variants": "{\"value\":\"http://www.schneider-electric.com\"}"
    },
    "modbus/5/587": {
      "_variants": "{\"ip_address.value\":\"169.254.86.195\",\"local_id.value\":201,\"tcp_port.value\":502,\"unit_id.value\":2}"
    },
    "modbus/6/": {
      "__model_id": "pm5110_tcp.device",
      "_model_id": "pm5110_tcp.device"
    },
    "modbus/6/250": {
      "_variants": "{\"revision.value\":\"002.000.013\"}"
    },
    "modbus/6/311": {
      "_out_rel": "{\"is_linked_to\":[{\"_id\":\"modbus:33e\"}]}"
    },
    "modbus/6/38d": {
      "_variants": "null"
    },
    "modbus/6/38f": {
      "_variants": "{\"value\":\"PM5110\"}"
    },
    "modbus/6/391": {
      "_variants": "{\"value\":\"15270\"}"
    },
    "modbus/6/392": {
      "_variants": "{\"value\":\"PM5110\"}"
    },
    "modbus/6/393": {
      "_variants": "{\"value\":\"PM5000\"}"
    },
    "modbus/6/394": {
      "_variants": "{\"value\":\"60660674\"}"
    },
    "modbus/6/396": {
      "_variants": "{\"value\":\"Schneider Electric\"}"
    },
    "modbus/6/397": {
      "_variants": "{\"value\":\"www.schneider-electric.com\"}"
    },
    "modbus/6/587": {
      "_variants": "{\"ip_address.value\":\"169.254.86.195\",\"local_id.value\":202,\"tcp_port.value\":502,\"unit_id.value\":3}"
    },
    "modbus/root_device": {
      "_panel_server.modbus_downstream.device_module": "true"
    },
    "modbus/root_device/33e": {
      "_in_rel": "{\"is_linked_to\":[{\"_id\":\"modbus:4_mb_311\"},{\"_id\":\"modbus:5_mb_311\"},{\"_id\":\"modbus:6_mb_311\"}]}"
    }
  },
  "string": {
    "DATAMODEL_VERSION_NUMBER": "002079000",
    "DATAMODEL_VERSION_TYPE": "RELEASE",
    "_uniqueID_": "7"
  }
}
