{
  "database_index": 4,
  "hash": {
    "edge_application/4/": {
      "_model_id": "iot.data_sampling.Group"
    },
    "edge_application/4/7b": {
      "_in_rel": "{\"has_sampling_group\":[{\"_id\":\"edge_application:7a\"}]}",
      "_variants": "{\"name.value\":\"300_seconds_group\",\"period.value\":300}"
    },
    "edge_application/5/": {
      "_model_id": "iot.data_sampling.Group"
    },
    "edge_application/5/7b": {
      "_in_rel": "{\"has_sampling_group\":[{\"_id\":\"edge_application:7a\"}]}",
      "_variants": "{\"name.value\":\"DefaultSamplingGroup\",\"period.value\":600}"
    },
    "edge_application/root_device": {
      "_panel_server.local_energy_server.device_module": "true"
    },
    "edge_application/root_device/57d": {
      "_variants": "{\"last_publication.value\":\"2024-08-13T09:33:57.066Z\",\"last_publication_failure.value\":\"2024-08-20T09:53:43.866Z\",\"publication_failure_counter.value\":4}"
    },
    "edge_application/root_device/5c0": {
      "_variants": "{\"value\":\"Enabled\"}"
    },
    "edge_application/root_device/5c1": {
      "_variants": "{\"value\":\"Enabled\"}"
    },
    "edge_application/root_device/5d0": {
      "_variants": "{\"value\":\"Disabled\"}"
    },
    "edge_application/root_device/75": {
      "_variants": "{\"publication_format.value\":\"Cews3\",\"publication_order.value\":\"Ascending\",\"publication_period.value\":\"10m\",\"publication_transport.value\":\"Cloud\"}"
    },
    "edge_application/root_device/7a": {
      "_out_rel": "{\"has_sampling_group\":[{\"_id\":\"edge_application:4_ea_7b\"},{\"_id\":\"edge_application:5_ea_7b\"}]}"
    },
    "edge_application/root_device/9f7": {
      "_variants": "{\"last_successful_configuration.value\":\"2024-08-12T12:32:31.713Z\",\"status.value\":\"Success\"}"
    }
  },
  "string": {
    "DATAMODEL_VERSION_NUMBER": "002079000",
    "DATAMODEL_VERSION_TYPE": "RELEASE",
    "_uniqueID_": "5"
  }
}
