{
  "database_index": 7,
  "hash": {
    "topo/1/": {
      "_model_id": "generic.electrical.device"
    },
    "topo/1/520": {
      "_variants": "{\"load_name.value\":\"\",\"load_operating_threshold.value\":10,\"load_zone.value\":\"\"}"
    },
    "topo/1/b3": {
      "_variants": "{\"value\":63.0}"
    },
    "topo/2/": {
      "_model_id": "generic.electrical.device"
    },
    "topo/3/": {
      "_model_id": "generic.electrical.device"
    },
    "topo/4/": {
      "_model_id": "generic.electrical.device"
    },
    "topo/5/": {
      "_model_id": "generic.electrical.device"
    },
    "topo/root_device": {
      "_panel_server.aggregated_measurements.device_module": "true"
    }
  },
  "string": {
    "DATAMODEL_VERSION_NUMBER": "002079000",
    "DATAMODEL_VERSION_TYPE": "RELEASE",
    "_uniqueID_": "5"
  }
}
