{
  "database_index": 8,
  "hash": {
    "diag/root_device": {
      "_panel_server.historization_diagnostic.device_module": "true",
      "_panel_server.pdm_server_diagnostic.device_module": "true",
      "_panel_server.zigbee_diagnostic.device_module": "true"
    },
    "diag/root_device/82/extension.historization": {
      "_in_rel": "{\"has_application\":[{\"_id\":\"diag:85\"}]}"
    },
    "diag/root_device/82/extension.pdm_server": {
      "_in_rel": "{\"has_application\":[{\"_id\":\"diag:85\"}]}"
    },
    "diag/root_device/82/extension.zigbee": {
      "_in_rel": "{\"has_application\":[{\"_id\":\"diag:85\"}]}"
    },
    "diag/root_device/85": {
      "_out_rel": "{\"has_application\":[{\"_id\":\"diag:82_extension.historization\"},{\"_id\":\"diag:82_extension.pdm_server\"},{\"_id\":\"diag:82_extension.zigbee\"}]}"
    }
  },
  "string": {
    "DATAMODEL_VERSION_NUMBER": "002079000",
    "DATAMODEL_VERSION_TYPE": "RELEASE"
  }
}
